Company Name,Required Skills,More Info
Infocom Software,"rest, python, css, html5, machine, learning, artificial, intelligence, javascript, jquery, security, django, debugging",https://www.timesjobs.com/job-detail/python-developer-infocom-software-thiruvananthapuram-0-to-3-yrs-jobid-9s0HcQbL0oFzpSvf__PLUS__uAgZw==&source=srp
Hotelogix,"python, coding, web, application, development, mvc, architecture, api, development, database, design, html5, storage, javascript, security, django, git, testing, tools, debugging",https://www.timesjobs.com/job-detail/python-developer-hotelogix-bengaluru-bangalore-3-to-5-yrs-jobid-LyGo9bMRUt9zpSvf__PLUS__uAgZw==&source=srp
SYNECHRON,"advanced, python, programming, rest, api, development, flask, or, django, framework, oop, and, soa, principles, version, control, (, git, ), software, requirements, artificial, intelligence, sql, security, technical, skills, mobile, nosql",https://www.timesjobs.com/job-detail/python-developer-synechron-mumbai-5-to-8-yrs-jobid-hj2FdsxopxFzpSvf__PLUS__uAgZw==&source=srp
SEVEN CONSULTANCY,"rest, python, web, developer, storage, software, developer",https://www.timesjobs.com/job-detail/python-developer-seven-consultancy-hyderabad-secunderabad-0-to-3-yrs-jobid-ATqt92bFMIxzpSvf__PLUS__uAgZw==&source=srp
IQVIA,"data, analysis, pl, /, sql, proficiency, machine, learning, python, knowledge, communication, skills, css, html, sas, logical, thinking",https://www.timesjobs.com/job-detail/python-developer-iqvia-bengaluru-bangalore-3-to-5-yrs-jobid-XvgpzE21hDRzpSvf__PLUS__uAgZw==&source=srp
SYNECHRON,"python, core, pandas, /, numpy, experience, sql, alchemy, /, orm, flask, /, django, knowledge, multiprocessing, /, multithreading, artificial, intelligence, shell, scripting, technical, skills, rest, gtp, mobile",https://www.timesjobs.com/job-detail/python-developer-synechron-bengaluru-bangalore-7-to-10-yrs-jobid-pGy0fZn05oRzpSvf__PLUS__uAgZw==&source=srp
ORACLE,"python, development, software, architecture, agile, methodologies, web, frameworks, problem, solving, css, software, engineering, html, oracle, javascript, git, debugging, technical, skills, cloud, computing, django",https://www.timesjobs.com/job-detail/python-developer-oracle-hyderabad-secunderabad-2-to-5-yrs-jobid-eg__SLASH__2lRco48pzpSvf__PLUS__uAgZw==&source=srp
SEVEN CONSULTANCY,"Python, programming, programming, language, front-end, developer",https://www.timesjobs.com/job-detail/python-developer-seven-consultancy-surat-9-to-12-yrs-jobid-Kdex__PLUS__SlZxqJzpSvf__PLUS__uAgZw==&source=srp
o9 Solutions Inc.,"software, engineering, database, management, machine, learning, cloud, infrastructure, agile, methodologies, hive, sql, hadoop, mongodb, python, telerik, team, player, javascript",https://www.timesjobs.com/job-detail/python-developer-o9-solutions-inc-netherlands-bengaluru-bangalore-spain-japan-dallas-3-to-6-yrs-jobid-JcLlGBUkpYRzpSvf__PLUS__uAgZw==&source=srp
highrise solutions llp,"python, 3.x, django, linux, mysql, microservices, rest, api, docker, java, postgresql, software, engineer, middleware, team, player, messaging",https://www.timesjobs.com/job-detail/python-developer-highrise-solutions-llp-pune-4-to-7-yrs-jobid-R5__SLASH__LnD1RVwxzpSvf__PLUS__uAgZw==&source=srp
ADROIT LEARNING AND MANPOWER PVT LTD,"rest, api, sql, database, security, devops, rest, python, tornado, javascript, django, infrastructure",https://www.timesjobs.com/job-detail/python-developer-adroit-learning-and-manpower-pvt-ltd-ahmedabad-0-to-5-yrs-jobid-Gisc8S6O1sBzpSvf__PLUS__uAgZw==&source=srp
3RI Technologies Pvt Ltd,"python, Pandas, PyQt5, Matplotlib, Openpyxl",https://www.timesjobs.com/job-detail/python-programmer-3ri-technologies-pvt-ltd-pune-0-to-1-yrs-jobid-RisAg8NKGbBzpSvf__PLUS__uAgZw==&source=srp
AxisTechnolabs,"python, css, user, interaction, bootstrap, openerp, database, xml, oops, html",https://www.timesjobs.com/job-detail/python-developer-axistechnolabs-ahmedabad-0-to-1-yrs-jobid-oQxb__SLASH__TVWjxlzpSvf__PLUS__uAgZw==&source=srp
zucol services,"python, programming, django, framework, database, management, restful, apis, aws, services, css, bootstrap, sql, docker, react.js, security, git, postgresql, debugging, mysql, html, cloud, services, javascript",https://www.timesjobs.com/job-detail/python-developer-zucol-services-gurgaon-3-to-4-yrs-jobid-S9iLkTgbN9BzpSvf__PLUS__uAgZw==&source=srp
CGI Information Systems and Management Consultants Pvt Ltd,"python, programming, software, development, problem, solving, team, collaboration, agile, methodologies, cgi",https://www.timesjobs.com/job-detail/python-developer-cgi-information-systems-and-management-consultants-pvt-ltd-chennai-6-to-9-yrs-jobid-jwVjwKSaLpNzpSvf__PLUS__uAgZw==&source=srp
Ctd Techs Private Limited,"html5, storage, artificial, intelligence, security, testing, tools, debugging, python, javascript, django",https://www.timesjobs.com/job-detail/python-developer-ctd-techs-private-limited-chennai-bengaluru-bangalore-3-to-5-yrs-jobid-m__SLASH__IX__SLASH__aNQuAZzpSvf__PLUS__uAgZw==&source=srp
botree technologies,"security, compliance, python, html5, svn, javascript, database, django, git, web, developer, debugging",https://www.timesjobs.com/job-detail/python-developers-botree-technologies-ahmedabad-3-to-6-yrs-jobid-QHaMntpZqO9zpSvf__PLUS__uAgZw==&source=srp
Techasoft Pvt Ltd,"python, javascript, docker, django, postgresql, oops, mysql, mongodb, opencv",https://www.timesjobs.com/job-detail/python-developer-techasoft-pvt-ltd-bengaluru-bangalore-0-to-3-yrs-jobid-a7yPAxSxElFzpSvf__PLUS__uAgZw==&source=srp
Excel Ptp,"jquery, sql, git, oops, json, mysql, object, oriented, programming, mongodb, middleware, rest, python, svn, machine, learning, django",https://www.timesjobs.com/job-detail/python-trainer-excel-ptp-ahmedabad-1-to-4-yrs-jobid-gD8e3t5QaQVzpSvf__PLUS__uAgZw==&source=srp
Bright Vision Technologies,"python, programming, software, development, testing, and, debugging, database, management, version, control, css, sql, git, html, software, engineering, javascript, django, web, technologies, it, professional",https://www.timesjobs.com/job-detail/python-developer-bright-vision-technologies-chennai-1-to-5-yrs-jobid-rKNSUt__SLASH__Ka2tzpSvf__PLUS__uAgZw==&source=srp
realizer technologies,"testing, software, development, life, cycle, agile",https://www.timesjobs.com/job-detail/python-developer-realizer-technologies-pune-0-to-3-yrs-jobid-F362LGN73BZzpSvf__PLUS__uAgZw==&source=srp
geekyworks,"html5, bootstrap, ajax, git, apache, xml, debugging, mysql, api, rest, python, nosql, django",https://www.timesjobs.com/job-detail/python-developer-geekyworks-pune-2-to-3-yrs-jobid-HtQuUbJGOvJzpSvf__PLUS__uAgZw==&source=srp
acquiscent technologies pvt. ltd.,"python, machine, learning, javascript, nosql, java, django, written, communication, linux, web, application, server, mysql",https://www.timesjobs.com/job-detail/python-developer-acquiscent-technologies-pvt-ltd-pune-1-to-5-yrs-jobid-ggWz1MWc4X9zpSvf__PLUS__uAgZw==&source=srp
SEVEN CONSULTANCY,"python, mvc, sql",https://www.timesjobs.com/job-detail/python-developer-seven-consultancy-navi-mumbai-mumbai-4-to-7-yrs-jobid-VJ3GBkmUwLVzpSvf__PLUS__uAgZw==&source=srp
CONNECTING 2 WORK,"python, cache, rest, api, storage, javascript, react.js, database, django, apache, postgresql, web, technologies, .net, web, development, mysql, angularjs",https://www.timesjobs.com/job-detail/python-developer-connecting-2-work-bengaluru-bangalore-0-to-3-yrs-jobid-DUXY1__PLUS__Mqw8FzpSvf__PLUS__uAgZw==&source=srp
